[{
        "model": "surveillance.filiere",
        "pk": 1,
        "fields": {
            "name": "Informatique"
        }
    },
    {
        "model": "surveillance.filiere",
        "pk": 2,
        "fields": {
            "name": "Mathematique"
        }
    },
    {
        "model": "surveillance.filiere",
        "pk": 3,
        "fields": {
            "name": "Bio-chimie"
        }
    },
    {
        "model": "surveillance.filiere",
        "pk": 4,
        "fields": {
            "name": "Lettre bilingue"
        }
    }




]