[{
        "model": "surveillance.controler",
        "pk": 1,
        "fields": {
            "surveillant": 1,
            "examen": 1,
            "salle": 1
        }
    },
    {
        "model": "surveillance.controler",
        "pk": 2,
        "fields": {
            "surveillant": 2,
            "examen": 1,
            "salle": 1
        }
    },
    {
        "model": "surveillance.controler",
        "pk": 3,
        "fields": {
            "surveillant": 3,
            "examen": 1,
            "salle": 1
        }
    },
    {
        "model": "surveillance.controler",
        "pk": 4,
        "fields": {
            "surveillant": 3,
            "examen": 2,
            "salle": 4
        }
    },
    {
        "model": "surveillance.controler",
        "pk": 5,
        "fields": {

            "user": 4,
            "surveillant": 2,
            "examen": 3,
            "salle": 2
        }
    },
    {
        "model": "surveillance.controler",
        "pk": 6,
        "fields": {
            "user": 4,
            "surveillant": 7,
            "examen": 2,
            "salle": 6
        }
    }
]