[{
        "model": "surveillance.plage",
        "pk": 1,
        "fields": {
            "begin": "07:20:00",
            "end": "09:30:00"
        }
    },
    {
        "model": "surveillance.plage",
        "pk": 2,
        "fields": {
            "begin": "10:20:00",
            "end": "12:30:00"
        }
    },
    {
        "model": "surveillance.plage",
        "pk": 3,
        "fields": {
            "begin": "13:00:00",
            "end": "15:30:00"
        }
    },
    {
        "model": "surveillance.plage",
        "pk": 4,
        "fields": {
            "begin": "16:40:00",
            "end": "18:45:00"
        }
    },
    {
        "model": "surveillance.plage",
        "pk": 5,
        "fields": {
            "begin": "19:00:00",
            "end": "21:45:00"
        }
    }
   
]